{
    "camera": {
        "position": [
            -790.1481087320624,
            -270.77924525095926,
            233.09916711298752
        ],
        "focal_point": [
            35.71047903355761,
            0.4083535170930155,
            -12.135007643292415
        ],
        "view_up": [
            0.06343761652603988,
            0.5561582488053962,
            0.8286517188150945
        ]
    },
    "app": {
        "window_width": 1280,
        "window_height": 800
    }
}