{
    "camera": {
        "position": [
            538.7636633400595,
            126.37059715411918,
            500.0912780617818
        ],
        "focal_point": [
            17.346547418141544,
            8.187216806215584,
            -20.78104494631979
        ],
        "view_up": [
            -0.15993202410968227,
            0.9850891278526734,
            -0.06341260009366678
        ]
    },
    "app": {
        "window_width": 1280,
        "window_height": 800
    }
}