{
    "camera": {
        "position": [
            576.2849031627309,
            138.76145787455008,
            548.768097798444
        ],
        "focal_point": [
            -52.20443033531097,
            -9.344018383541673,
            -69.5020936550536
        ],
        "view_up": [
            -0.13375066954709391,
            0.9859346947385057,
            -0.10021744412323516
        ]
    },
    "app": {
        "window_width": 1280,
        "window_height": 800
    }
}