{
    "camera": {
        "position": [
            270.42395363230617,
            139.67859592954474,
            536.1185637477446
        ],
        "focal_point": [
            31.716453001588953,
            -50.80362977202406,
            -71.88359910219013
        ],
        "view_up": [
            -0.007507359691389798,
            0.9550747718486867,
            -0.2962698427593394
        ]
    },
    "app": {
        "window_width": 1280,
        "window_height": 800
    }
}