{
    "camera": {
        "position": [
            296.03541433639606,
            -13.361979458438046,
            437.0462192343994
        ],
        "focal_point": [
            13.164534171775463,
            -92.47339853604336,
            -42.447064793543746
        ],
        "view_up": [
            -0.07553767997401158,
            0.9900426018144517,
            -0.11878428135328067
        ]
    },
    "app": {
        "window_width": 1280,
        "window_height": 800
    }
}