{
    "camera": {
        "position": [
            -450.9771049916386,
            -498.86007198503745,
            324.51299627699643
        ],
        "focal_point": [
            29.077172688032835,
            -29.29424080576949,
            16.430570352206654
        ],
        "view_up": [
            0.25673584086337053,
            0.33284788218944855,
            0.9073582508238833
        ]
    },
    "app": {
        "window_width": 1280,
        "window_height": 799
    }
}