{
    "camera": {
        "position": [
            268.99447128976857,
            -68.56614081218476,
            117.96508099473472
        ],
        "focal_point": [
            -46.48816201467426,
            -95.55208665817597,
            -18.1866014978526
        ],
        "view_up": [
            -0.07592568791486998,
            0.9968782865447043,
            -0.021655755132265288
        ]
    },
    "app": {
        "window_width": 1280,
        "window_height": 799
    }
}