{
    "camera": {
        "position": [
            269.6699662854419,
            -155.58481156638499,
            124.97655734692036
        ],
        "focal_point": [
            -28.09368351723644,
            -85.64106932813091,
            -33.89287210180301
        ],
        "view_up": [
            0.26178681218881916,
            0.9628132361957492,
            -0.06677078081230323
        ]
    },
    "app": {
        "window_width": 1280,
        "window_height": 795
    }
}