{
    "camera": {
        "position": [
            -222.03861232621662,
            150.250795128299,
            804.4487571643305
        ],
        "focal_point": [
            21.776643997446648,
            8.725250213214101,
            -9.13442269993467
        ],
        "view_up": [
            0.5273085403910537,
            0.8496122782843896,
            0.010231315607760305
        ]
    },
    "app": {
        "window_width": 1908,
        "window_height": 1017
    }
}