{
    "camera": {
        "position": [
            518.6924160832743,
            176.0436220649876,
            629.3439137763247
        ],
        "focal_point": [
            -3.620301109886423,
            1.7569238657802373,
            17.305185778108115
        ],
        "view_up": [
            -0.19539424581439355,
            0.9744525256764764,
            -0.1107400736199893
        ]
    },
    "app": {
        "window_width": 1280,
        "window_height": 800
    }
}