{
    "camera": {
        "position": [
            624.5366196201168,
            -93.7565114873141,
            572.3832669893146
        ],
        "focal_point": [
            -36.70804093099744,
            -4.73407790826009,
            -22.61472399102405
        ],
        "view_up": [
            0.06145731136016577,
            0.9948542524061198,
            0.08054821754601516
        ]
    },
    "app": {
        "window_width": 1280,
        "window_height": 800
    }
}