{
    "camera": {
        "position": [
            212.2187950811136,
            19.54483496695247,
            -131.2263942807842
        ],
        "focal_point": [
            4.086381791601831,
            -84.79808721425678,
            -10.374200014978317
        ],
        "view_up": [
            -0.47277793719041156,
            0.8794701780805932,
            -0.054892877250777516
        ]
    },
    "app": {
        "window_width": 1280,
        "window_height": 800
    }
}