{
    "camera": {
        "position": [
            617.9360343804688,
            164.90834772483782,
            593.57313885141
        ],
        "focal_point": [
            -64.67552797984439,
            -26.723079096243318,
            -48.96734109623274
        ],
        "view_up": [
            -0.13601961764599194,
            0.9796394864733033,
            -0.14766563634698737
        ]
    },
    "app": {
        "window_width": 1280,
        "window_height": 795
    }
}