{
    "camera": {
        "position": [
            223.0403322508661,
            79.44264615550097,
            450.0825118409678
        ],
        "focal_point": [
            13.164534171775463,
            -92.47339853604336,
            -42.447064793543746
        ],
        "view_up": [
            -0.17882457895688247,
            0.9501421613286578,
            -0.2554440119215964
        ]
    },
    "app": {
        "window_width": 1280,
        "window_height": 800
    }
}