{
    "camera": {
        "position": [
            186.5049043418705,
            153.80950421349127,
            416.9186922148998
        ],
        "focal_point": [
            88.89035309091526,
            -84.17627239053598,
            -83.10383769718128
        ],
        "view_up": [
            -0.3570688224307341,
            0.8685535057959188,
            -0.3436810492557708
        ]
    },
    "app": {
        "window_width": 1280,
        "window_height": 800
    }
}