{
    "camera": {
        "position": [
            -185.0090267586921,
            4.8881384713510005,
            -505.09542028432725
        ],
        "focal_point": [
            11.787372947187468,
            -45.63021870732587,
            -37.51208940834698
        ],
        "view_up": [
            0.6701014236445224,
            0.7134128647802478,
            -0.20495405923187848
        ]
    },
    "app": {
        "window_width": 1280,
        "window_height": 800
    }
}