{
    "camera": {
        "position": [
            -55.623366450966024,
            -470.91607351038937,
            159.40656696353508
        ],
        "focal_point": [
            35.71047903355761,
            0.4083535170930155,
            -12.135007643292415
        ],
        "view_up": [
            0.13745675059938678,
            0.3151332477033962,
            0.9390402962102149
        ]
    },
    "app": {
        "window_width": 1280,
        "window_height": 800
    }
}