{
    "camera": {
        "position": [
            239.80931358873755,
            136.07136425479047,
            146.11333111625362
        ],
        "focal_point": [
            21.155585570525925,
            50.921299872689076,
            -67.63270918386577
        ],
        "view_up": [
            -0.24432605328408566,
            0.960566887999376,
            -0.1327254058792695
        ]
    },
    "app": {
        "window_width": 1280,
        "window_height": 800
    }
}