{
    "camera": {
        "position": [
            -44.120900214399036,
            -223.330767687605,
            -0.6087406577609498
        ],
        "focal_point": [
            35.71047903355761,
            0.4083535170930155,
            -12.135007643292415
        ],
        "view_up": [
            -0.05497326345538034,
            0.07092348731968388,
            0.9959657620879745
        ]
    },
    "app": {
        "window_width": 1280,
        "window_height": 800
    }
}