{
    "camera": {
        "position": [
            774.5479891723791,
            -213.04922271522403,
            558.3021457309897
        ],
        "focal_point": [
            23.30868598405963,
            41.23353588226373,
            -44.45345338621996
        ],
        "view_up": [
            0.30645973498869356,
            0.9516832431542792,
            0.019530374548709123
        ]
    },
    "app": {
        "window_width": 1280,
        "window_height": 800
    }
}