{
    "camera": {
        "position": [
            -20.439243512845948,
            191.60610095822466,
            602.3656219930557
        ],
        "focal_point": [
            84.58831230594228,
            -41.19641366837142,
            -61.828296992704594
        ],
        "view_up": [
            0.14158304256773874,
            0.9409792221401212,
            -0.30742860237433045
        ]
    },
    "app": {
        "window_width": 1280,
        "window_height": 795
    }
}