{
    "camera": {
        "position": [
            846.4560438504806,
            147.6483960348324,
            -283.43112222122807
        ],
        "focal_point": [
            -64.67552797984439,
            -26.723079096243318,
            -48.96734109623274
        ],
        "view_up": [
            -0.2595074701591426,
            0.9058666051722118,
            -0.3347559806267454
        ]
    },
    "app": {
        "window_width": 1280,
        "window_height": 795
    }
}