{
    "camera": {
        "position": [
            149.20243860212977,
            -443.61062337424914,
            246.83349597352927
        ],
        "focal_point": [
            4.086381791601831,
            -84.79808721425678,
            -10.374200014978317
        ],
        "view_up": [
            0.23594384324333667,
            -0.5013179168013051,
            -0.8324727317633677
        ]
    },
    "app": {
        "window_width": 1280,
        "window_height": 800
    }
}