{
    "camera": {
        "position": [
            257.76497731975394,
            203.1492602338205,
            265.6421383612315
        ],
        "focal_point": [
            51.99875345781979,
            2.9810440081318674,
            -99.80806516331205
        ],
        "view_up": [
            -0.23498423636201654,
            0.9021448374343001,
            -0.3618246826185305
        ]
    },
    "app": {
        "window_width": 1280,
        "window_height": 800
    }
}