{
    "camera": {
        "position": [
            442.65500942060925,
            121.37874562031381,
            636.7772477026301
        ],
        "focal_point": [
            26.81559319153807,
            -56.8941773066837,
            -95.81356202618136
        ],
        "view_up": [
            -0.3506326962706754,
            0.9360713526035234,
            -0.028759957249033435
        ]
    },
    "app": {
        "window_width": 1280,
        "window_height": 795
    }
}