{
    "camera": {
        "position": [
            -40.06301631808377,
            -21.744405552053397,
            429.48571707718315
        ],
        "focal_point": [
            -10.574232916279193,
            -47.61053228008691,
            -54.964483592961926
        ],
        "view_up": [
            0.5377913070853151,
            0.8429886500480922,
            -0.012273789698508529
        ]
    },
    "app": {
        "window_width": 1280,
        "window_height": 795
    }
}