{
    "camera": {
        "position": [
            -58.03690605199075,
            2.4529473237080532,
            406.8637949653962
        ],
        "focal_point": [
            13.164534171775463,
            -92.47339853604336,
            -42.447064793543746
        ],
        "view_up": [
            -0.024562704373566502,
            0.9773131558584821,
            -0.2103703138272862
        ]
    },
    "app": {
        "window_width": 1280,
        "window_height": 800
    }
}