{
    "camera": {
        "position": [
            416.45439838503404,
            58.39806484339012,
            733.4819198334932
        ],
        "focal_point": [
            -58.74020286044213,
            18.076546538952595,
            -22.66381358497373
        ],
        "view_up": [
            -0.22626559318360273,
            0.9698544743776474,
            0.09047751030466034
        ]
    },
    "app": {
        "window_width": 1280,
        "window_height": 795
    }
}